target_lang,donor_lang,atds
punjabi,hindi-clustered321,0.6245
punjabi,hindi-clustered972,0.6191
punjabi,hindi-clustered445,0.6186
punjabi,hindi-clustered672,0.617
punjabi,hindi-clustered840,0.6119
punjabi,hindi-clustered135,0.6118
punjabi,hindi-clustered810,0.6088
punjabi,hindi-clustered525,0.6061
punjabi,hindi-clustered574,0.604
punjabi,hindi-clustered515,0.6036
punjabi,hindi-clustered841,0.6031
punjabi,hindi-clustered764,0.6018
punjabi,hindi-clustered349,0.6012
punjabi,hindi-clustered879,0.6001
punjabi,hindi-clustered739,0.5993
punjabi,hindi-clustered93,0.5986
punjabi,hindi-clustered858,0.5973
punjabi,hindi-clustered550,0.5972
punjabi,hindi-clustered330,0.5968
punjabi,hindi-clustered531,0.5968
punjabi,hindi-clustered600,0.5966
punjabi,hindi-clustered13,0.5955
punjabi,hindi-clustered526,0.5953
punjabi,hindi-clustered207,0.5951
punjabi,hindi-clustered832,0.5949
punjabi,hindi-clustered594,0.5945
punjabi,hindi-clustered184,0.5942
punjabi,hindi-clustered366,0.5941
punjabi,hindi-clustered253,0.5939
punjabi,hindi-clustered176,0.5937
punjabi,hindi-clustered524,0.5935
punjabi,hindi-clustered38,0.5929
punjabi,hindi-clustered589,0.5928
punjabi,hindi-clustered191,0.5927
punjabi,hindi-clustered178,0.5925
punjabi,hindi-clustered188,0.592
punjabi,hindi-clustered2,0.5918
punjabi,hindi-clustered920,0.5917
punjabi,hindi-clustered884,0.5916
punjabi,hindi-clustered107,0.591
punjabi,hindi-clustered875,0.5908
punjabi,hindi-clustered903,0.5903
punjabi,hindi-clustered12,0.59
punjabi,hindi-clustered709,0.5897
punjabi,hindi-clustered236,0.5896
punjabi,hindi-clustered51,0.589
punjabi,hindi-clustered132,0.5889
punjabi,hindi-clustered604,0.5888
punjabi,hindi-clustered772,0.5888
punjabi,hindi-clustered935,0.5878
punjabi,hindi-clustered146,0.5878
punjabi,hindi-clustered796,0.5878
punjabi,hindi-clustered50,0.5877
punjabi,hindi-clustered491,0.5874
punjabi,hindi-clustered696,0.5873
punjabi,hindi-clustered504,0.5871
punjabi,hindi-clustered192,0.5867
punjabi,hindi-clustered609,0.5865
punjabi,hindi-clustered99,0.5861
punjabi,hindi-clustered583,0.5859
punjabi,hindi-clustered405,0.5858
punjabi,hindi-clustered878,0.5852
punjabi,hindi-clustered776,0.5848
punjabi,hindi-clustered289,0.5844
punjabi,hindi-clustered63,0.5842
punjabi,hindi-clustered272,0.5839
punjabi,hindi-clustered632,0.5837
punjabi,hindi-clustered606,0.5837
punjabi,hindi-clustered659,0.5834
punjabi,hindi-clustered278,0.5831
punjabi,hindi-clustered371,0.583
punjabi,hindi-clustered991,0.5825
punjabi,hindi-clustered890,0.5817
punjabi,hindi-clustered814,0.5814
punjabi,hindi-clustered232,0.5814
punjabi,hindi-clustered502,0.5809
punjabi,hindi-clustered41,0.5805
punjabi,hindi-clustered598,0.5803
punjabi,hindi-clustered451,0.5802
punjabi,hindi-clustered478,0.5798
punjabi,hindi-clustered162,0.5795
punjabi,hindi-clustered217,0.5791
punjabi,hindi-clustered915,0.5782
punjabi,hindi-clustered246,0.5779
punjabi,hindi-clustered230,0.5778
punjabi,hindi-clustered932,0.5775
punjabi,hindi-clustered981,0.5774
punjabi,hindi-clustered115,0.5773
punjabi,hindi-clustered426,0.5767
punjabi,hindi-clustered17,0.5764
punjabi,hindi-clustered165,0.5761
punjabi,hindi-clustered561,0.5752
punjabi,hindi-clustered124,0.5749
punjabi,hindi-clustered179,0.5745
punjabi,hindi-clustered621,0.5744
punjabi,hindi-clustered461,0.5743
punjabi,hindi-clustered940,0.5742
punjabi,hindi-clustered734,0.574
punjabi,hindi-clustered149,0.5732
punjabi,hindi-clustered965,0.5732
punjabi,hindi-clustered761,0.5731
punjabi,hindi-clustered866,0.5729
punjabi,hindi-clustered438,0.5727
punjabi,hindi-clustered469,0.5724
punjabi,hindi-clustered61,0.5724
punjabi,hindi-clustered568,0.5722
punjabi,hindi-clustered597,0.5722
punjabi,hindi-clustered934,0.572
punjabi,hindi-clustered443,0.5718
punjabi,hindi-clustered785,0.5717
punjabi,hindi-clustered305,0.5717
punjabi,hindi-clustered258,0.5713
punjabi,hindi-clustered374,0.5709
punjabi,hindi-clustered929,0.5708
punjabi,hindi-clustered223,0.5705
punjabi,hindi-clustered983,0.5705
punjabi,hindi-clustered18,0.5705
punjabi,hindi-clustered634,0.5705
punjabi,hindi-clustered495,0.5704
punjabi,hindi-clustered294,0.57
punjabi,hindi-clustered988,0.57
punjabi,hindi-clustered897,0.5699
punjabi,hindi-clustered894,0.5698
punjabi,hindi-clustered137,0.5696
punjabi,hindi-clustered6,0.5695
punjabi,hindi-clustered341,0.5695
punjabi,hindi-clustered201,0.5688
punjabi,hindi-clustered129,0.5686
punjabi,hindi-clustered392,0.5685
punjabi,hindi-clustered611,0.5683
punjabi,hindi-clustered97,0.5682
punjabi,hindi-clustered496,0.5682
punjabi,hindi-clustered573,0.568
punjabi,hindi-clustered441,0.5679
punjabi,hindi-clustered744,0.5675
punjabi,hindi-clustered968,0.5674
punjabi,hindi-clustered114,0.5671
punjabi,hindi-clustered359,0.5671
punjabi,hindi-clustered31,0.567
punjabi,hindi-clustered361,0.5669
punjabi,hindi-clustered958,0.5669
punjabi,hindi-clustered902,0.5668
punjabi,hindi-clustered482,0.5668
punjabi,hindi-clustered898,0.5662
punjabi,hindi-clustered247,0.5662
punjabi,hindi-clustered990,0.5662
punjabi,hindi-clustered315,0.5654
punjabi,hindi-clustered363,0.5654
punjabi,hindi-clustered532,0.5654
punjabi,hindi-clustered624,0.5653
punjabi,hindi-clustered684,0.5653
punjabi,hindi-clustered685,0.5652
punjabi,hindi-clustered755,0.5652
punjabi,hindi-clustered240,0.5651
punjabi,hindi-clustered339,0.565
punjabi,hindi-clustered712,0.565
punjabi,hindi-clustered640,0.5648
punjabi,hindi-clustered308,0.5646
punjabi,hindi-clustered933,0.5645
punjabi,hindi-clustered175,0.5643
punjabi,hindi-clustered888,0.5643
punjabi,hindi-clustered60,0.5642
punjabi,hindi-clustered79,0.5638
punjabi,hindi-clustered900,0.5632
punjabi,hindi-clustered667,0.563
punjabi,hindi-clustered67,0.5629
punjabi,hindi-clustered700,0.5627
punjabi,hindi-clustered955,0.5623
punjabi,hindi-clustered325,0.5619
punjabi,hindi-clustered264,0.5614
punjabi,hindi-clustered404,0.5613
punjabi,hindi-clustered883,0.5613
punjabi,hindi-clustered352,0.5611
punjabi,hindi-clustered74,0.5605
punjabi,hindi-clustered543,0.5603
punjabi,hindi-clustered703,0.5602
punjabi,hindi-clustered48,0.5601
punjabi,hindi-clustered367,0.5601
punjabi,hindi-clustered775,0.56
punjabi,hindi-clustered55,0.5599
punjabi,hindi-clustered885,0.5596
punjabi,hindi-clustered906,0.5592
punjabi,hindi-clustered271,0.559
punjabi,hindi-clustered824,0.559
punjabi,hindi-clustered670,0.559
punjabi,hindi-clustered721,0.5589
punjabi,hindi-clustered427,0.5588
punjabi,hindi-clustered125,0.5588
punjabi,hindi-clustered507,0.5584
punjabi,hindi-clustered353,0.5583
punjabi,hindi-clustered83,0.5583
punjabi,hindi-clustered103,0.5583
punjabi,hindi-clustered617,0.5581
punjabi,hindi-clustered11,0.558
punjabi,hindi-clustered130,0.558
punjabi,hindi-clustered215,0.5578
punjabi,hindi-clustered370,0.5578
punjabi,hindi-clustered867,0.5578
punjabi,hindi-clustered857,0.5577
punjabi,hindi-clustered189,0.5575
punjabi,hindi-clustered847,0.5573
punjabi,hindi-clustered36,0.5572
punjabi,hindi-clustered876,0.557
punjabi,hindi-clustered851,0.5569
punjabi,hindi-clustered925,0.5567
punjabi,hindi-clustered534,0.5564
punjabi,hindi-clustered820,0.5563
punjabi,hindi-clustered508,0.5563
punjabi,hindi-clustered756,0.5563
punjabi,hindi-clustered250,0.5563
punjabi,hindi-clustered213,0.5562
punjabi,hindi-clustered686,0.5562
punjabi,hindi-clustered209,0.5562
punjabi,hindi-clustered698,0.556
punjabi,hindi-clustered381,0.5559
punjabi,hindi-clustered248,0.5558
punjabi,hindi-clustered429,0.5555
punjabi,hindi-clustered521,0.5555
punjabi,hindi-clustered825,0.5552
punjabi,hindi-clustered234,0.5551
punjabi,hindi-clustered71,0.5551
punjabi,hindi-clustered837,0.555
punjabi,hindi-clustered984,0.5549
punjabi,hindi-clustered715,0.5548
punjabi,hindi-clustered691,0.5546
punjabi,hindi-clustered486,0.5545
punjabi,hindi-clustered499,0.5544
punjabi,hindi-clustered977,0.554
punjabi,hindi-clustered458,0.5537
punjabi,hindi-clustered549,0.5534
punjabi,hindi-clustered159,0.5533
punjabi,hindi-clustered418,0.5532
punjabi,hindi-clustered457,0.5532
punjabi,hindi-clustered655,0.5528
punjabi,hindi-clustered812,0.5527
punjabi,hindi-clustered505,0.5526
punjabi,hindi-clustered9,0.5526
punjabi,hindi-clustered327,0.5522
punjabi,hindi-clustered641,0.5519
punjabi,hindi-clustered859,0.5518
punjabi,hindi-clustered661,0.5517
punjabi,hindi-clustered917,0.5516
punjabi,hindi-clustered22,0.5515
punjabi,hindi-clustered447,0.5513
punjabi,hindi-clustered85,0.5513
punjabi,hindi-clustered414,0.5513
punjabi,hindi-clustered489,0.5512
punjabi,hindi-clustered298,0.551
punjabi,hindi-clustered33,0.5508
punjabi,hindi-clustered206,0.5507
punjabi,hindi-clustered558,0.5506
punjabi,hindi-clustered434,0.5506
punjabi,hindi-clustered554,0.5505
punjabi,hindi-clustered47,0.5505
punjabi,hindi-clustered956,0.5503
punjabi,hindi-clustered960,0.55
punjabi,hindi-clustered147,0.5495
punjabi,hindi-clustered854,0.5493
punjabi,hindi-clustered522,0.549
punjabi,hindi-clustered746,0.549
punjabi,hindi-clustered415,0.5486
punjabi,hindi-clustered241,0.5486
punjabi,hindi-clustered801,0.5486
punjabi,hindi-clustered291,0.5486
punjabi,hindi-clustered768,0.5483
punjabi,hindi-clustered274,0.5483
punjabi,hindi-clustered468,0.5482
punjabi,hindi-clustered993,0.5481
punjabi,hindi-clustered945,0.548
punjabi,hindi-clustered431,0.5479
punjabi,hindi-clustered428,0.5477
punjabi,hindi-clustered155,0.5474
punjabi,hindi-clustered296,0.5473
punjabi,hindi-clustered200,0.5472
punjabi,hindi-clustered724,0.547
punjabi,hindi-clustered740,0.5469
punjabi,hindi-clustered836,0.5461
punjabi,hindi-clustered143,0.546
punjabi,hindi-clustered62,0.546
punjabi,hindi-clustered221,0.5459
punjabi,hindi-clustered257,0.5458
punjabi,hindi-clustered994,0.5458
punjabi,hindi-clustered198,0.5457
punjabi,hindi-clustered310,0.5454
punjabi,hindi-clustered901,0.5452
punjabi,hindi-clustered113,0.545
punjabi,hindi-clustered442,0.5449
punjabi,hindi-clustered453,0.5448
punjabi,hindi-clustered839,0.5447
punjabi,hindi-clustered231,0.5444
punjabi,hindi-clustered520,0.5441
punjabi,hindi-clustered439,0.5438
punjabi,hindi-clustered688,0.5436
punjabi,hindi-clustered75,0.5435
punjabi,hindi-clustered975,0.5435
punjabi,hindi-clustered282,0.5434
punjabi,hindi-clustered210,0.5434
punjabi,hindi-clustered19,0.5434
punjabi,hindi-clustered511,0.5431
punjabi,hindi-clustered72,0.543
punjabi,hindi-clustered805,0.5427
punjabi,hindi-clustered989,0.5425
punjabi,hindi-clustered745,0.5425
punjabi,hindi-clustered354,0.5425
punjabi,hindi-clustered408,0.5425
punjabi,hindi-clustered722,0.5423
punjabi,hindi-clustered966,0.5423
punjabi,hindi-clustered273,0.542
punjabi,hindi-clustered195,0.5419
punjabi,hindi-clustered666,0.5415
punjabi,hindi-clustered503,0.5414
punjabi,hindi-clustered35,0.5414
punjabi,hindi-clustered261,0.5413
punjabi,hindi-clustered647,0.5413
punjabi,hindi-clustered829,0.5413
punjabi,hindi-clustered654,0.5411
punjabi,hindi-clustered342,0.5408
punjabi,hindi-clustered395,0.5407
punjabi,hindi-clustered351,0.5399
punjabi,hindi-clustered762,0.5398
punjabi,hindi-clustered563,0.5397
punjabi,hindi-clustered23,0.5397
punjabi,hindi-clustered613,0.5396
punjabi,hindi-clustered948,0.5394
punjabi,hindi-clustered918,0.5393
punjabi,hindi-clustered708,0.5392
punjabi,hindi-clustered807,0.5392
punjabi,hindi-clustered1,0.5391
punjabi,hindi-clustered122,0.539
punjabi,hindi-clustered771,0.539
punjabi,hindi-clustered736,0.5389
punjabi,hindi-clustered34,0.5388
punjabi,hindi-clustered555,0.5383
punjabi,hindi-clustered924,0.5382
punjabi,hindi-clustered803,0.5379
punjabi,hindi-clustered66,0.5379
punjabi,hindi-clustered539,0.5379
punjabi,hindi-clustered860,0.5377
punjabi,hindi-clustered8,0.5376
punjabi,hindi-clustered889,0.5373
punjabi,hindi-clustered861,0.5372
punjabi,hindi-clustered674,0.5371
punjabi,hindi-clustered329,0.5368
punjabi,hindi-clustered59,0.5364
punjabi,hindi-clustered908,0.5364
punjabi,hindi-clustered493,0.5364
punjabi,hindi-clustered577,0.5362
punjabi,hindi-clustered599,0.5362
punjabi,hindi-clustered171,0.5362
punjabi,hindi-clustered259,0.536
punjabi,hindi-clustered255,0.5359
punjabi,hindi-clustered425,0.5359
punjabi,hindi-clustered787,0.5356
punjabi,hindi-clustered592,0.5356
punjabi,hindi-clustered177,0.5355
punjabi,hindi-clustered856,0.5355
punjabi,hindi-clustered877,0.5349
punjabi,hindi-clustered905,0.5349
punjabi,hindi-clustered868,0.5349
punjabi,hindi-clustered84,0.5348
punjabi,hindi-clustered252,0.5347
punjabi,hindi-clustered809,0.5347
punjabi,hindi-clustered780,0.5346
punjabi,hindi-clustered433,0.5346
punjabi,hindi-clustered998,0.5344
punjabi,hindi-clustered562,0.5344
punjabi,hindi-clustered284,0.5343
punjabi,hindi-clustered110,0.5337
punjabi,hindi-clustered5,0.5336
punjabi,hindi-clustered603,0.5335
punjabi,hindi-clustered78,0.5335
punjabi,hindi-clustered687,0.5334
punjabi,hindi-clustered813,0.5332
punjabi,hindi-clustered26,0.5332
punjabi,hindi-clustered452,0.5331
punjabi,hindi-clustered766,0.533
punjabi,hindi-clustered794,0.533
punjabi,hindi-clustered587,0.5329
punjabi,hindi-clustered512,0.5328
punjabi,hindi-clustered881,0.5325
punjabi,hindi-clustered336,0.5324
punjabi,hindi-clustered601,0.5323
punjabi,hindi-clustered338,0.5323
punjabi,hindi-clustered400,0.532
punjabi,hindi-clustered483,0.5319
punjabi,hindi-clustered350,0.5319
punjabi,hindi-clustered514,0.5314
punjabi,hindi-clustered758,0.5313
punjabi,hindi-clustered676,0.5312
punjabi,hindi-clustered373,0.5312
punjabi,hindi-clustered118,0.5311
punjabi,hindi-clustered470,0.531
punjabi,hindi-clustered449,0.5309
punjabi,hindi-clustered872,0.5307
punjabi,hindi-clustered665,0.5305
punjabi,hindi-clustered494,0.5305
punjabi,hindi-clustered49,0.5304
punjabi,hindi-clustered166,0.5303
punjabi,hindi-clustered346,0.5302
punjabi,hindi-clustered376,0.5302
punjabi,hindi-clustered185,0.5302
punjabi,hindi-clustered280,0.5301
punjabi,hindi-clustered528,0.5301
punjabi,hindi-clustered490,0.53
punjabi,hindi-clustered536,0.5298
punjabi,hindi-clustered219,0.5297
punjabi,hindi-clustered142,0.5294
punjabi,hindi-clustered3,0.5293
punjabi,hindi-clustered639,0.5293
punjabi,hindi-clustered150,0.5292
punjabi,hindi-clustered735,0.5291
punjabi,hindi-clustered333,0.5291
punjabi,hindi-clustered938,0.5291
punjabi,hindi-clustered913,0.5291
punjabi,hindi-clustered788,0.529
punjabi,hindi-clustered263,0.529
punjabi,hindi-clustered314,0.5289
punjabi,hindi-clustered845,0.5289
punjabi,hindi-clustered324,0.5289
punjabi,hindi-clustered293,0.5288
punjabi,hindi-clustered949,0.5284
punjabi,hindi-clustered757,0.5283
punjabi,hindi-clustered303,0.5281
punjabi,hindi-clustered319,0.5279
punjabi,hindi-clustered391,0.5279
punjabi,hindi-clustered753,0.5278
punjabi,hindi-clustered697,0.5277
punjabi,hindi-clustered545,0.5276
punjabi,hindi-clustered742,0.5275
punjabi,hindi-clustered397,0.5273
punjabi,hindi-clustered882,0.5271
punjabi,hindi-clustered923,0.5271
punjabi,hindi-clustered777,0.5271
punjabi,hindi-clustered779,0.5271
punjabi,hindi-clustered138,0.5271
punjabi,hindi-clustered564,0.5271
punjabi,hindi-clustered886,0.527
punjabi,hindi-clustered537,0.5269
punjabi,hindi-clustered763,0.5267
punjabi,hindi-clustered575,0.5267
punjabi,hindi-clustered432,0.5266
punjabi,hindi-clustered364,0.5266
punjabi,hindi-clustered0,0.5264
punjabi,hindi-clustered580,0.5262
punjabi,hindi-clustered46,0.5261
punjabi,hindi-clustered792,0.5261
punjabi,hindi-clustered919,0.526
punjabi,hindi-clustered631,0.526
punjabi,hindi-clustered586,0.5259
punjabi,hindi-clustered579,0.5259
punjabi,hindi-clustered70,0.5257
punjabi,hindi-clustered197,0.5257
punjabi,hindi-clustered979,0.5256
punjabi,hindi-clustered152,0.5254
punjabi,hindi-clustered811,0.5253
punjabi,hindi-clustered781,0.5252
punjabi,hindi-clustered896,0.5252
punjabi,hindi-clustered322,0.525
punjabi,hindi-clustered228,0.5249
punjabi,hindi-clustered527,0.5249
punjabi,hindi-clustered863,0.5247
punjabi,hindi-clustered256,0.5245
punjabi,hindi-clustered218,0.5243
punjabi,hindi-clustered77,0.5239
punjabi,hindi-clustered92,0.5239
punjabi,hindi-clustered283,0.5238
punjabi,hindi-clustered793,0.5238
punjabi,hindi-clustered921,0.5238
punjabi,hindi-clustered497,0.5238
punjabi,hindi-clustered559,0.5237
punjabi,hindi-clustered145,0.5236
punjabi,hindi-clustered475,0.5236
punjabi,hindi-clustered693,0.5235
punjabi,hindi-clustered407,0.5234
punjabi,hindi-clustered831,0.5233
punjabi,hindi-clustered928,0.5233
punjabi,hindi-clustered567,0.5232
punjabi,hindi-clustered547,0.5231
punjabi,hindi-clustered828,0.523
punjabi,hindi-clustered154,0.5229
punjabi,hindi-clustered782,0.5228
punjabi,hindi-clustered242,0.5227
punjabi,hindi-clustered656,0.5226
punjabi,hindi-clustered729,0.5226
punjabi,hindi-clustered183,0.5224
punjabi,hindi-clustered212,0.5224
punjabi,hindi-clustered437,0.5221
punjabi,hindi-clustered227,0.5221
punjabi,hindi-clustered818,0.522
punjabi,hindi-clustered403,0.5219
punjabi,hindi-clustered718,0.5219
punjabi,hindi-clustered759,0.5218
punjabi,hindi-clustered287,0.5216
punjabi,hindi-clustered383,0.5216
punjabi,hindi-clustered530,0.5215
punjabi,hindi-clustered481,0.5215
punjabi,hindi-clustered369,0.5214
punjabi,hindi-clustered465,0.5214
punjabi,hindi-clustered260,0.5212
punjabi,hindi-clustered626,0.5211
punjabi,hindi-clustered615,0.5208
punjabi,hindi-clustered887,0.5208
punjabi,hindi-clustered265,0.5208
punjabi,hindi-clustered141,0.5207
punjabi,hindi-clustered40,0.5204
punjabi,hindi-clustered911,0.5202
punjabi,hindi-clustered423,0.52
punjabi,hindi-clustered292,0.5199
punjabi,hindi-clustered662,0.5198
punjabi,hindi-clustered728,0.5195
punjabi,hindi-clustered699,0.5194
punjabi,hindi-clustered874,0.5194
punjabi,hindi-clustered140,0.5193
punjabi,hindi-clustered193,0.5192
punjabi,hindi-clustered570,0.5191
punjabi,hindi-clustered778,0.5188
punjabi,hindi-clustered912,0.5188
punjabi,hindi-clustered651,0.5187
punjabi,hindi-clustered387,0.5186
punjabi,hindi-clustered926,0.5186
punjabi,hindi-clustered951,0.5185
punjabi,hindi-clustered222,0.5184
punjabi,hindi-clustered669,0.5184
punjabi,hindi-clustered98,0.5183
punjabi,hindi-clustered954,0.5182
punjabi,hindi-clustered120,0.518
punjabi,hindi-clustered677,0.518
punjabi,hindi-clustered389,0.518
punjabi,hindi-clustered21,0.5179
punjabi,hindi-clustered301,0.5179
punjabi,hindi-clustered852,0.5176
punjabi,hindi-clustered944,0.5175
punjabi,hindi-clustered623,0.5175
punjabi,hindi-clustered819,0.5174
punjabi,hindi-clustered164,0.5174
punjabi,hindi-clustered769,0.517
punjabi,hindi-clustered850,0.5169
punjabi,hindi-clustered855,0.5168
punjabi,hindi-clustered269,0.5166
punjabi,hindi-clustered904,0.5166
punjabi,hindi-clustered316,0.5162
punjabi,hindi-clustered701,0.5158
punjabi,hindi-clustered765,0.5157
punjabi,hindi-clustered636,0.5156
punjabi,hindi-clustered4,0.5156
punjabi,hindi-clustered529,0.5155
punjabi,hindi-clustered42,0.5155
punjabi,hindi-clustered663,0.5155
punjabi,hindi-clustered723,0.5155
punjabi,hindi-clustered996,0.5154
punjabi,hindi-clustered406,0.5153
punjabi,hindi-clustered416,0.5152
punjabi,hindi-clustered444,0.5152
punjabi,hindi-clustered664,0.5152
punjabi,hindi-clustered679,0.5149
punjabi,hindi-clustered474,0.5149
punjabi,hindi-clustered871,0.5147
punjabi,hindi-clustered937,0.5145
punjabi,hindi-clustered29,0.5142
punjabi,hindi-clustered689,0.5141
punjabi,hindi-clustered94,0.514
punjabi,hindi-clustered650,0.514
punjabi,hindi-clustered54,0.5139
punjabi,hindi-clustered939,0.5139
punjabi,hindi-clustered235,0.5139
punjabi,hindi-clustered817,0.5137
punjabi,hindi-clustered638,0.5136
punjabi,hindi-clustered136,0.5134
punjabi,hindi-clustered690,0.5133
punjabi,hindi-clustered186,0.5132
punjabi,hindi-clustered196,0.513
punjabi,hindi-clustered466,0.513
punjabi,hindi-clustered770,0.5126
punjabi,hindi-clustered702,0.5126
punjabi,hindi-clustered382,0.5126
punjabi,hindi-clustered498,0.5124
punjabi,hindi-clustered180,0.5122
punjabi,hindi-clustered358,0.512
punjabi,hindi-clustered630,0.5119
punjabi,hindi-clustered487,0.5119
punjabi,hindi-clustered678,0.5119
punjabi,hindi-clustered251,0.5118
punjabi,hindi-clustered612,0.5118
punjabi,hindi-clustered565,0.5118
punjabi,hindi-clustered331,0.5117
punjabi,hindi-clustered737,0.5117
punjabi,hindi-clustered73,0.5114
punjabi,hindi-clustered963,0.5113
punjabi,hindi-clustered797,0.5112
punjabi,hindi-clustered27,0.5112
punjabi,hindi-clustered7,0.5112
punjabi,hindi-clustered45,0.5109
punjabi,hindi-clustered802,0.5109
punjabi,hindi-clustered91,0.5108
punjabi,hindi-clustered943,0.5107
punjabi,hindi-clustered533,0.5107
punjabi,hindi-clustered375,0.5107
punjabi,hindi-clustered286,0.5107
punjabi,hindi-clustered572,0.5106
punjabi,hindi-clustered112,0.5104
punjabi,hindi-clustered995,0.5104
punjabi,hindi-clustered229,0.5102
punjabi,hindi-clustered484,0.5102
punjabi,hindi-clustered216,0.5101
punjabi,hindi-clustered317,0.5101
punjabi,hindi-clustered880,0.51
punjabi,hindi-clustered642,0.51
punjabi,hindi-clustered910,0.51
punjabi,hindi-clustered211,0.5099
punjabi,hindi-clustered942,0.5098
punjabi,hindi-clustered581,0.5096
punjabi,hindi-clustered643,0.5095
punjabi,hindi-clustered936,0.5094
punjabi,hindi-clustered576,0.5094
punjabi,hindi-clustered628,0.5093
punjabi,hindi-clustered119,0.5093
punjabi,hindi-clustered104,0.5092
punjabi,hindi-clustered970,0.5089
punjabi,hindi-clustered907,0.5089
punjabi,hindi-clustered596,0.5085
punjabi,hindi-clustered767,0.5082
punjabi,hindi-clustered833,0.5081
punjabi,hindi-clustered741,0.508
punjabi,hindi-clustered538,0.5079
punjabi,hindi-clustered313,0.5076
punjabi,hindi-clustered190,0.5075
punjabi,hindi-clustered28,0.5073
punjabi,hindi-clustered86,0.5073
punjabi,hindi-clustered633,0.507
punjabi,hindi-clustered668,0.507
punjabi,hindi-clustered540,0.507
punjabi,hindi-clustered254,0.507
punjabi,hindi-clustered516,0.5066
punjabi,hindi-clustered304,0.5066
punjabi,hindi-clustered332,0.5066
punjabi,hindi-clustered692,0.5064
punjabi,hindi-clustered311,0.5062
punjabi,hindi-clustered402,0.5061
punjabi,hindi-clustered582,0.5061
punjabi,hindi-clustered843,0.5059
punjabi,hindi-clustered552,0.5057
punjabi,hindi-clustered509,0.5056
punjabi,hindi-clustered657,0.5056
punjabi,hindi-clustered203,0.5055
punjabi,hindi-clustered131,0.5054
punjabi,hindi-clustered309,0.5054
punjabi,hindi-clustered56,0.5054
punjabi,hindi-clustered986,0.5053
punjabi,hindi-clustered976,0.5052
punjabi,hindi-clustered982,0.505
punjabi,hindi-clustered360,0.5048
punjabi,hindi-clustered214,0.5047
punjabi,hindi-clustered160,0.5046
punjabi,hindi-clustered378,0.5046
punjabi,hindi-clustered681,0.5039
punjabi,hindi-clustered743,0.5038
punjabi,hindi-clustered377,0.5036
punjabi,hindi-clustered385,0.5035
punjabi,hindi-clustered157,0.5035
punjabi,hindi-clustered500,0.5033
punjabi,hindi-clustered726,0.5033
punjabi,hindi-clustered411,0.5031
punjabi,hindi-clustered455,0.5031
punjabi,hindi-clustered477,0.5029
punjabi,hindi-clustered182,0.5028
punjabi,hindi-clustered649,0.5026
punjabi,hindi-clustered126,0.5026
punjabi,hindi-clustered610,0.5023
punjabi,hindi-clustered980,0.5022
punjabi,hindi-clustered348,0.502
punjabi,hindi-clustered727,0.5018
punjabi,hindi-clustered37,0.5016
punjabi,hindi-clustered808,0.5015
punjabi,hindi-clustered43,0.5015
punjabi,hindi-clustered181,0.5014
punjabi,hindi-clustered454,0.5013
punjabi,hindi-clustered916,0.5013
punjabi,hindi-clustered340,0.5013
punjabi,hindi-clustered208,0.501
punjabi,hindi-clustered16,0.501
punjabi,hindi-clustered865,0.5009
punjabi,hindi-clustered614,0.5006
punjabi,hindi-clustered262,0.5005
punjabi,hindi-clustered605,0.5005
punjabi,hindi-clustered95,0.5004
punjabi,hindi-clustered931,0.5002
punjabi,hindi-clustered705,0.4999
punjabi,hindi-clustered320,0.4996
punjabi,hindi-clustered10,0.4996
punjabi,hindi-clustered957,0.4993
punjabi,hindi-clustered450,0.4992
punjabi,hindi-clustered279,0.4988
punjabi,hindi-clustered334,0.4985
punjabi,hindi-clustered964,0.4984
punjabi,hindi-clustered731,0.4982
punjabi,hindi-clustered224,0.498
punjabi,hindi-clustered307,0.4977
punjabi,hindi-clustered417,0.4975
punjabi,hindi-clustered480,0.4973
punjabi,hindi-clustered971,0.497
punjabi,hindi-clustered546,0.4968
punjabi,hindi-clustered328,0.4966
punjabi,hindi-clustered101,0.4965
punjabi,hindi-clustered396,0.4963
punjabi,hindi-clustered30,0.4962
punjabi,hindi-clustered100,0.4961
punjabi,hindi-clustered362,0.4961
punjabi,hindi-clustered172,0.496
punjabi,hindi-clustered306,0.4954
punjabi,hindi-clustered343,0.4954
punjabi,hindi-clustered602,0.4952
punjabi,hindi-clustered675,0.4952
punjabi,hindi-clustered985,0.4951
punjabi,hindi-clustered412,0.4951
punjabi,hindi-clustered946,0.4951
punjabi,hindi-clustered57,0.4951
punjabi,hindi-clustered436,0.4947
punjabi,hindi-clustered80,0.4946
punjabi,hindi-clustered773,0.4945
punjabi,hindi-clustered275,0.4943
punjabi,hindi-clustered627,0.4943
punjabi,hindi-clustered312,0.4943
punjabi,hindi-clustered620,0.4938
punjabi,hindi-clustered560,0.4938
punjabi,hindi-clustered844,0.4935
punjabi,hindi-clustered127,0.4934
punjabi,hindi-clustered835,0.4934
punjabi,hindi-clustered270,0.4933
punjabi,hindi-clustered372,0.4932
punjabi,hindi-clustered590,0.4931
punjabi,hindi-clustered462,0.4931
punjabi,hindi-clustered267,0.4929
punjabi,hindi-clustered826,0.4928
punjabi,hindi-clustered644,0.4928
punjabi,hindi-clustered161,0.4926
punjabi,hindi-clustered585,0.4924
punjabi,hindi-clustered96,0.4924
punjabi,hindi-clustered557,0.4924
punjabi,hindi-clustered81,0.4922
punjabi,hindi-clustered347,0.4921
punjabi,hindi-clustered337,0.4921
punjabi,hindi-clustered24,0.4921
punjabi,hindi-clustered302,0.4919
punjabi,hindi-clustered399,0.4916
punjabi,hindi-clustered795,0.4916
punjabi,hindi-clustered593,0.491
punjabi,hindi-clustered15,0.491
punjabi,hindi-clustered660,0.4909
punjabi,hindi-clustered694,0.4906
punjabi,hindi-clustered842,0.49
punjabi,hindi-clustered53,0.4899
punjabi,hindi-clustered476,0.4898
punjabi,hindi-clustered111,0.4898
punjabi,hindi-clustered622,0.4898
punjabi,hindi-clustered459,0.4897
punjabi,hindi-clustered815,0.4896
punjabi,hindi-clustered707,0.4896
punjabi,hindi-clustered148,0.4896
punjabi,hindi-clustered173,0.4896
punjabi,hindi-clustered163,0.4895
punjabi,hindi-clustered853,0.4894
punjabi,hindi-clustered864,0.489
punjabi,hindi-clustered969,0.4887
punjabi,hindi-clustered299,0.4884
punjabi,hindi-clustered645,0.4884
punjabi,hindi-clustered473,0.4881
punjabi,hindi-clustered167,0.4879
punjabi,hindi-clustered326,0.4879
punjabi,hindi-clustered295,0.4875
punjabi,hindi-clustered169,0.4875
punjabi,hindi-clustered239,0.4872
punjabi,hindi-clustered950,0.4871
punjabi,hindi-clustered816,0.487
punjabi,hindi-clustered914,0.4869
punjabi,hindi-clustered501,0.4868
punjabi,hindi-clustered384,0.4866
punjabi,hindi-clustered365,0.4866
punjabi,hindi-clustered205,0.4864
punjabi,hindi-clustered922,0.4864
punjabi,hindi-clustered386,0.486
punjabi,hindi-clustered553,0.4859
punjabi,hindi-clustered952,0.4857
punjabi,hindi-clustered156,0.4855
punjabi,hindi-clustered566,0.4855
punjabi,hindi-clustered446,0.4853
punjabi,hindi-clustered187,0.4838
punjabi,hindi-clustered194,0.4838
punjabi,hindi-clustered730,0.4834
punjabi,hindi-clustered967,0.4831
punjabi,hindi-clustered174,0.483
punjabi,hindi-clustered720,0.4829
punjabi,hindi-clustered268,0.4828
punjabi,hindi-clustered749,0.4828
punjabi,hindi-clustered974,0.4827
punjabi,hindi-clustered430,0.4827
punjabi,hindi-clustered277,0.4826
punjabi,hindi-clustered542,0.4825
punjabi,hindi-clustered401,0.4824
punjabi,hindi-clustered786,0.4823
punjabi,hindi-clustered44,0.4817
punjabi,hindi-clustered947,0.4815
punjabi,hindi-clustered68,0.4814
punjabi,hindi-clustered578,0.4813
punjabi,hindi-clustered713,0.481
punjabi,hindi-clustered591,0.481
punjabi,hindi-clustered393,0.4808
punjabi,hindi-clustered413,0.4808
punjabi,hindi-clustered116,0.4807
punjabi,hindi-clustered584,0.4807
punjabi,hindi-clustered398,0.4804
punjabi,hindi-clustered355,0.4797
punjabi,hindi-clustered738,0.4797
punjabi,hindi-clustered65,0.4793
punjabi,hindi-clustered479,0.4791
punjabi,hindi-clustered619,0.4789
punjabi,hindi-clustered357,0.4787
punjabi,hindi-clustered356,0.4787
punjabi,hindi-clustered682,0.4786
punjabi,hindi-clustered108,0.4783
punjabi,hindi-clustered862,0.4779
punjabi,hindi-clustered625,0.4779
punjabi,hindi-clustered523,0.4778
punjabi,hindi-clustered653,0.4778
punjabi,hindi-clustered133,0.4776
punjabi,hindi-clustered791,0.4776
punjabi,hindi-clustered121,0.4775
punjabi,hindi-clustered448,0.4771
punjabi,hindi-clustered848,0.477
punjabi,hindi-clustered997,0.4764
punjabi,hindi-clustered658,0.4761
punjabi,hindi-clustered784,0.476
punjabi,hindi-clustered834,0.4759
punjabi,hindi-clustered410,0.4753
punjabi,hindi-clustered830,0.475
punjabi,hindi-clustered144,0.4749
punjabi,hindi-clustered548,0.4748
punjabi,hindi-clustered368,0.4746
punjabi,hindi-clustered588,0.4744
punjabi,hindi-clustered789,0.4744
punjabi,hindi-clustered616,0.4741
punjabi,hindi-clustered822,0.4734
punjabi,hindi-clustered706,0.4734
punjabi,hindi-clustered344,0.4733
punjabi,hindi-clustered752,0.4732
punjabi,hindi-clustered238,0.4727
punjabi,hindi-clustered419,0.4726
punjabi,hindi-clustered978,0.4724
punjabi,hindi-clustered748,0.4724
punjabi,hindi-clustered226,0.4722
punjabi,hindi-clustered607,0.4719
punjabi,hindi-clustered90,0.4719
punjabi,hindi-clustered290,0.4718
punjabi,hindi-clustered695,0.4715
punjabi,hindi-clustered105,0.4715
punjabi,hindi-clustered716,0.4714
punjabi,hindi-clustered750,0.4714
punjabi,hindi-clustered76,0.471
punjabi,hindi-clustered673,0.4704
punjabi,hindi-clustered544,0.4702
punjabi,hindi-clustered595,0.4691
punjabi,hindi-clustered345,0.4687
punjabi,hindi-clustered618,0.4686
punjabi,hindi-clustered64,0.4684
punjabi,hindi-clustered732,0.4684
punjabi,hindi-clustered281,0.4682
punjabi,hindi-clustered237,0.4675
punjabi,hindi-clustered335,0.4669
punjabi,hindi-clustered637,0.4666
punjabi,hindi-clustered518,0.4663
punjabi,hindi-clustered87,0.4658
punjabi,hindi-clustered109,0.4658
punjabi,hindi-clustered987,0.4654
punjabi,hindi-clustered102,0.465
punjabi,hindi-clustered464,0.4644
punjabi,hindi-clustered390,0.4638
punjabi,hindi-clustered513,0.4636
punjabi,hindi-clustered134,0.4633
punjabi,hindi-clustered69,0.4631
punjabi,hindi-clustered199,0.4616
punjabi,hindi-clustered467,0.4615
punjabi,hindi-clustered629,0.4613
punjabi,hindi-clustered463,0.461
punjabi,hindi-clustered961,0.461
punjabi,hindi-clustered652,0.4609
punjabi,hindi-clustered435,0.4605
punjabi,hindi-clustered288,0.46
punjabi,hindi-clustered52,0.4591
punjabi,hindi-clustered846,0.4584
punjabi,hindi-clustered821,0.4583
punjabi,hindi-clustered895,0.4582
punjabi,hindi-clustered683,0.4581
punjabi,hindi-clustered285,0.458
punjabi,hindi-clustered25,0.4574
punjabi,hindi-clustered569,0.4566
punjabi,hindi-clustered800,0.4566
punjabi,hindi-clustered927,0.4565
punjabi,hindi-clustered39,0.4562
punjabi,hindi-clustered893,0.456
punjabi,hindi-clustered170,0.4556
punjabi,hindi-clustered941,0.4555
punjabi,hindi-clustered873,0.4555
punjabi,hindi-clustered535,0.4546
punjabi,hindi-clustered158,0.4546
punjabi,hindi-clustered409,0.4545
punjabi,hindi-clustered123,0.4536
punjabi,hindi-clustered168,0.453
punjabi,hindi-clustered318,0.4526
punjabi,hindi-clustered774,0.4518
punjabi,hindi-clustered421,0.4512
punjabi,hindi-clustered608,0.4511
punjabi,hindi-clustered519,0.4503
punjabi,hindi-clustered460,0.4501
punjabi,hindi-clustered827,0.4498
punjabi,hindi-clustered14,0.4486
punjabi,hindi-clustered106,0.4479
punjabi,hindi-clustered117,0.4477
punjabi,hindi-clustered220,0.4473
punjabi,hindi-clustered249,0.4468
punjabi,hindi-clustered973,0.4458
punjabi,hindi-clustered892,0.4458
punjabi,hindi-clustered506,0.4456
punjabi,hindi-clustered202,0.4455
punjabi,hindi-clustered680,0.4451
punjabi,hindi-clustered930,0.445
punjabi,hindi-clustered635,0.443
punjabi,hindi-clustered440,0.4395
punjabi,hindi-clustered266,0.4393
punjabi,hindi-clustered492,0.4392
punjabi,hindi-clustered671,0.4389
punjabi,hindi-clustered719,0.4382
punjabi,hindi-clustered488,0.4381
punjabi,hindi-clustered388,0.4376
punjabi,hindi-clustered751,0.4374
punjabi,hindi-clustered646,0.437
punjabi,hindi-clustered32,0.4368
punjabi,hindi-clustered747,0.4356
punjabi,hindi-clustered243,0.4355
punjabi,hindi-clustered648,0.4353
punjabi,hindi-clustered244,0.4348
punjabi,hindi-clustered798,0.4342
punjabi,hindi-clustered571,0.4342
punjabi,hindi-clustered471,0.4339
punjabi,hindi-clustered379,0.433
punjabi,hindi-clustered300,0.4327
punjabi,hindi-clustered82,0.432
punjabi,hindi-clustered760,0.4311
punjabi,hindi-clustered151,0.4311
punjabi,hindi-clustered139,0.4309
punjabi,hindi-clustered276,0.4301
punjabi,hindi-clustered225,0.4287
punjabi,hindi-clustered556,0.4285
punjabi,hindi-clustered233,0.4282
punjabi,hindi-clustered823,0.4259
punjabi,hindi-clustered456,0.4257
punjabi,hindi-clustered869,0.4244
punjabi,hindi-clustered485,0.4231
punjabi,hindi-clustered804,0.423
punjabi,hindi-clustered790,0.4227
punjabi,hindi-clustered870,0.4223
punjabi,hindi-clustered806,0.4221
punjabi,hindi-clustered710,0.4215
punjabi,hindi-clustered909,0.4211
punjabi,hindi-clustered711,0.4198
punjabi,hindi-clustered20,0.419
punjabi,hindi-clustered420,0.419
punjabi,hindi-clustered714,0.4159
punjabi,hindi-clustered88,0.4114
punjabi,hindi-clustered891,0.4099
punjabi,hindi-clustered472,0.4097
punjabi,hindi-clustered953,0.4078
punjabi,hindi-clustered754,0.4068
punjabi,hindi-clustered541,0.4055
punjabi,hindi-clustered89,0.4035
punjabi,hindi-clustered204,0.4019
punjabi,hindi-clustered849,0.4016
punjabi,hindi-clustered153,0.4006
punjabi,hindi-clustered783,0.4004
punjabi,hindi-clustered245,0.4003
punjabi,hindi-clustered323,0.4001
punjabi,hindi-clustered297,0.3984
punjabi,hindi-clustered422,0.3822
punjabi,hindi-clustered838,0.3811
punjabi,hindi-clustered992,0.3794
punjabi,hindi-clustered799,0.3782
punjabi,hindi-clustered733,0.3781
punjabi,hindi-clustered725,0.3775
punjabi,hindi-clustered394,0.3772
punjabi,hindi-clustered717,0.3752
punjabi,hindi-clustered551,0.3635
punjabi,hindi-clustered517,0.3633
punjabi,hindi-clustered510,0.3597
punjabi,hindi-clustered959,0.3566
punjabi,hindi-clustered380,0.3524
punjabi,hindi-clustered999,0.3473
punjabi,hindi-clustered424,0.346
punjabi,hindi-clustered128,0.3446
punjabi,hindi-clustered962,0.3431
punjabi,hindi-clustered704,0.3378
punjabi,hindi-clustered899,0.3092
punjabi,hindi-clustered58,0.2753
